"Path","OriginalLine","ConnectionId","Context"
"controls/editbox.xaml","10","1",""
"controls/pvftreeview.xaml","11","2",""
"controls/pvftreeview.xaml","82","4",""
"controls/pvftreeview.xaml","127","3",""
"controls/pvftreeview.xaml","130","1",""
"controls/pvftreeviewgroup.xaml","35","2",""
"controls/pvftreeviewgroup.xaml","39","3",""
"controls/texteditorfolder/allsearchresulttreeview.xaml","8","1",""
"controls/texteditorfolder/allsearchresulttreeview.xaml","21","2",""
"controls/texteditorfolder/allsearchresultview.xaml","10","3",""
"controls/texteditorfolder/allsearchresultview.xaml","12","2",""
"controls/texteditorfolder/documenttexteditor.xaml","88","2",""
"controls/texteditorfolder/documenttexteditor.xaml","156","6",""
"controls/texteditorfolder/searchpanel.xaml","36","3",""
"controls/texteditorfolder/searchpanel.xaml","91","6",""
"controls/texteditorfolder/searchpanel.xaml","117","5",""
"controls/texteditorfolder/windowgotoline.xaml","11","1",""
"controls/texteditorfolder/windowgotoline.xaml","14","2",""
"mainwindow.xaml","30","2",""
"mainwindow.xaml","34","3",""
"mainwindow.xaml","89","5",""
"mainwindow.xaml","93","4",""
"mainwindow.xaml","172","6",""
"mainwindow.xaml","185","7",""
"mainwindow.xaml","191","8",""
"mainwindow.xaml","250","9",""
"mainwindow.xaml","348","10",""
"mainwindow.xaml","412","14",""
"mainwindow.xaml","414","13",""
"mainwindow.xaml","421","15",""
"mainwindow.xaml","426","16",""
"mainwindow.xaml","432","17",""
"mainwindow.xaml","436","18",""
"mainwindow.xaml","440","19",""
"mainwindow.xaml","444","12",""
"mainwindow.xaml","446","11",""
"mainwindow.xaml","540","1",""
"splashscreen/fluentsplashscreen/pvfcodesplashscreenwindow.xaml","7","1",""
"splashscreen/fluentsplashscreen/pvfcodesplashscreenwindow.xaml","10","2",""
"splashscreen/fluentsplashscreen/pvfcodesplashscreenwindow.xaml","15","3",""
"themes/styles/iconsblue.xaml","18","1",""
"themes/styles/iconsblue.xaml","618","2",""
"themes/styles/iconsblue.xaml","624","3",""
"themes/styles/iconsblue.xaml","629","4",""
"themes/styles/iconsdark.xaml","18","1",""
"themes/styles/iconsdark.xaml","618","2",""
"themes/styles/iconsdark.xaml","624","3",""
"themes/styles/iconsdark.xaml","629","4",""
"themes/styles/iconslight.xaml","18","1",""
"themes/styles/iconslight.xaml","618","2",""
"themes/styles/iconslight.xaml","624","3",""
"themes/styles/iconslight.xaml","629","4",""
"viewmodels/documentfolder/aninpklineelement/windowpreviewani.xaml","18","1",""
"viewmodels/documentfolder/aninpklineelement/windowpreviewani.xaml","99","3",""
"viewmodels/documentfolder/aninpklineelement/windowpreviewani.xaml","101","2",""
"viewmodels/documentfolder/codecompletion/codecompletiontooltip.xaml","30","1",""
"viewmodels/documentfolder/codecompletion/codecompletiontooltip.xaml","72","2",""
"viewmodels/documentfolder/codecompletion/windowaddcodecompletiondata.xaml","53","1",""
"viewmodels/documentfolder/codecompletion/windowaddcodecompletiondata.xaml","57","2",""
"viewmodels/documentfolder/codecompletion/windowcompletion.xaml","11","3",""
"viewmodels/documentfolder/codecompletion/windowcompletion.xaml","15","4",""
"viewmodels/documentfolder/codecompletion/windowcompletion.xaml","19","5",""
"viewmodels/documentfolder/korelementgenerator/stringquote.xaml","10","2",""
"views/anidesigner/windowanidesigner.xaml","120","5",""
"views/anidesigner/windowanidesigner.xaml","123","4",""
"views/anidesigner/windowanidesigner.xaml","127","6",""
"views/anidesigner/windowanidesigner.xaml","132","8",""
"views/anidesigner/windowanidesigner.xaml","135","7",""
"views/anidesigner/windowanidesigner.xaml","406","3",""
"views/anidesigner/windowanidesigner.xaml","408","2",""
"views/anidesigner/windowanidesigner.xaml","411","1",""
"views/anidesigner/winopenanifiledialog.xaml","23","1",""
"views/batchoperation/batchoperationview.xaml","68","4",""
"views/batchoperation/batchoperationview.xaml","210","6",""
"views/batchoperation/batchoperationview.xaml","217","5",""
"views/batchoperation/batchoperationview.xaml","265","3",""
"views/batchoperation/batchoperationview.xaml","267","2",""
"views/batchoperation/batchoperationview.xaml","269","1",""
"views/batchoperation/windowbatchoperationdetails.xaml","38","3",""
"views/batchoperation/windowbatchoperationdetails.xaml","40","2",""
"views/batchoperation/windowbatchoperationdetails.xaml","43","1",""
"views/bookmark/bookmarkeditview.xaml","21","2",""
"views/bookmark/bookmarkeditview.xaml","24","3",""
"views/bookmark/bookmarkeditview.xaml","35","4",""
"views/bookmark/bookmarkeditview.xaml","47","5",""
"views/bookmark/bookmarkeditview.xaml","52","1",""
"views/bookmark/bookmarktreeview.xaml","26","2",""
"views/bookmark/bookmarktreeview.xaml","48","4",""
"views/bookmark/bookmarktreeview.xaml","51","5",""
"views/bookmark/bookmarktreeview.xaml","65","3",""
"views/bookmark/bookmarktreeview.xaml","68","1",""
"views/bookmark/editbookmarkview.xaml","10","1",""
"views/bookmark/editbookmarkview.xaml","21","3",""
"views/bookmark/editbookmarkview.xaml","24","2",""
"views/bookmark/editbookmarkview.xaml","29","4",""
"views/bookmark/editbookmarkview.xaml","32","5",""
"views/bookmark/windownloadbookmarkoptions.xaml","10","1",""
"views/bookmark/windownloadbookmarkoptions.xaml","13","2",""
"views/bookmark/windownloadbookmarkoptions.xaml","18","3",""
"views/descriptionviews/viewfilelistdescription.xaml","23","3",""
"views/descriptionviews/viewfilelistdescription.xaml","94","2",""
"views/descriptionviews/viewfilelistdescription.xaml","96","1",""
"views/descriptionviews/viewfilelistdescription.xaml","102","4",""
"views/descriptionviews/viewtabcomment.xaml","40","3",""
"views/descriptionviews/viewtabcomment.xaml","45","4",""
"views/descriptionviews/viewtabcomment.xaml","97","5",""
"views/descriptionviews/viewtabcomment.xaml","134","2",""
"views/descriptionviews/viewtabcomment.xaml","136","1",""
"views/dialogs/dialogpvfpacksaveoptions.xaml","23","1","<Button Width=""70"" Cursor=""Hand"">确定</Button>"
"views/dialogs/dialogstringlist.xaml","28","1",""
"views/dialogs/dialogstringlist.xaml","31","2",""
"views/dialogs/dialogstringlist.xaml","34","3",""
"views/diff/winnewdiffeditor.xaml","35","2",""
"views/errorlistview.xaml","29","1",""
"views/gameimagesextract/windowgameimageextract.xaml","65","4",""
"views/gameimagesextract/windowgameimageextract.xaml","91","5",""
"views/gameimagesextract/windowgameimageextract.xaml","99","3",""
"views/gameimagesextract/windowgameimageextract.xaml","101","2",""
"views/gameimagesextract/windowgameimageextract.xaml","104","1",""
"views/gmtool/gmtoolmain.xaml","16","1",""
"views/gmtool/gmtoolmain.xaml","111","2",""
"views/gmtool/gmtoolmain.xaml","154","3",""
"views/gmtool/gmtoolmain.xaml","292","5",""
"views/gmtool/gmtoolmain.xaml","424","4",""
"views/gmtool/gmtooloutputcontrol.xaml","18","1",""
"views/importviews/importfilesoptionsdialog.xaml","10","2",""
"views/importviews/importfilesoptionsdialog.xaml","24","3",""
"views/importviews/importfilesoptionsdialog.xaml","27","4",""
"views/importviews/importfilesoptionsdialog.xaml","30","5",""
"views/importviews/importfilesoptionsdialog.xaml","34","1",""
"views/importviews/viewimportfilespanel.xaml","27","3",""
"views/importviews/viewimportfilespanel.xaml","69","5",""
"views/importviews/viewimportfilespanel.xaml","109","7",""
"views/importviews/viewimportfilespanel.xaml","128","2",""
"views/importviews/viewimportfilespanel.xaml","130","1",""
"views/independent_drop/viewadditemcodearray.xaml","31","1",""
"views/independent_drop/viewdropselectitemcodes.xaml","88","3",""
"views/independent_drop/viewdropselectitemcodes.xaml","90","2",""
"views/independent_drop/viewdropselectitemcodes.xaml","97","1",""
"views/independent_drop/viewindependent_drop.xaml","53","4",""
"views/independent_drop/viewindependent_drop.xaml","178","5",""
"views/independent_drop/viewindependent_drop.xaml","257","6",""
"views/independent_drop/viewindependent_drop.xaml","361","7",""
"views/independent_drop/viewindependent_drop.xaml","419","8",""
"views/independent_drop/viewindependent_drop.xaml","493","3",""
"views/independent_drop/viewindependent_drop.xaml","495","2",""
"views/independent_drop/viewindependent_drop.xaml","497","1",""
"views/lsttools/winlsttools.xaml","110","2",""
"views/lsttools/winlsttools.xaml","112","1",""
"views/macro/macrotreeview.xaml","33","1",""
"views/macro/macrotreeview.xaml","46","3",""
"views/macro/macrotreeview.xaml","49","4",""
"views/macro/macrotreeview.xaml","60","2",""
"views/macro/windoweditmarconame.xaml","9","2",""
"views/macro/windoweditmarconame.xaml","13","3",""
"views/macro/windoweditmarconame.xaml","16","4",""
"views/macro/windoweditmarconame.xaml","20","1",""
"views/macro/windowmacrotool.xaml","24","1",""
"views/macro/windowsavemacrodata.xaml","11","1",""
"views/macro/windowsavemacrodata.xaml","20","3",""
"views/macro/windowsavemacrodata.xaml","22","2",""
"views/macro/windowsavemacrodata.xaml","48","4",""
"views/macro/windowsavemacrodata.xaml","51","5",""
"views/macro/windowsavemacrodata.xaml","54","6",""
"views/npcshopeditor/npcshopitemlistcontrolex.xaml","93","1",""
"views/npcshopeditor/winnpcshopeditor.xaml","256","3",""
"views/npcshopeditor/winnpcshopeditor.xaml","263","4",""
"views/npcshopeditor/winnpcshopeditor.xaml","299","5",""
"views/npcshopeditor/winnpcshopeditor.xaml","385","2",""
"views/npcshopeditor/winnpcshopeditor.xaml","387","1",""
"views/preview/controls/npcshopgridcontrolex.xaml","105","2",""
"views/preview/controls/npcshopgridcontrolex.xaml","108","1",""
"views/preview/controls/pvfitemavatarlistboxgroupcontrol.xaml","145","2",""
"views/preview/controls/pvfitemavatarlistboxgroupcontrol.xaml","150","3",""
"views/preview/controls/pvfitemavatarlistboxgroupcontrol.xaml","153","1",""
"views/pvftreefolder/createshopitem.xaml","36","1",""
"views/pvftreefolder/viewaddnewfolder.xaml","17","2",""
"views/pvftreefolder/viewaddnewfolder.xaml","21","3",""
"views/pvftreefolder/viewaddnewfolder.xaml","26","1",""
"views/pvftreefolder/viewedittreecomment.xaml","14","1",""
"views/pvftreefolder/viewopenpvffiledocument.xaml","10","2",""
"views/pvftreefolder/viewopenpvffiledocument.xaml","13","3",""
"views/pvftreefolder/viewopenpvffiledocument.xaml","17","4",""
"views/pvftreefolder/viewopenpvffiledocument.xaml","20","5",""
"views/pvftreefolder/viewopenpvffiledocument.xaml","24","1",""
"views/pvftreefolder/viewrenamenode.xaml","18","2",""
"views/pvftreefolder/viewrenamenode.xaml","25","1",""
"views/pvftreefolder/viewrenmaenodes.xaml","65","3",""
"views/pvftreefolder/viewrenmaenodes.xaml","94","4",""
"views/pvftreefolder/viewrenmaenodes.xaml","97","2",""
"views/pvftreefolder/viewrenmaenodes.xaml","105","1",""
"views/pvftreefolder/winaddnewpvffile.xaml","13","2",""
"views/pvftreefolder/winaddnewpvffile.xaml","18","3",""
"views/pvftreefolder/winaddnewpvffile.xaml","22","4",""
"views/pvftreefolder/winaddnewpvffile.xaml","25","5",""
"views/pvftreefolder/winaddnewpvffile.xaml","28","6",""
"views/pvftreefolder/winaddnewpvffile.xaml","32","1",""
"views/searchpvf/searchname/windowsearchitemname.xaml","89","3",""
"views/searchpvf/searchname/windowsearchitemname.xaml","91","2",""
"views/searchpvf/searchname/windowsearchitemname.xaml","98","1",""
"views/searchpvf/veiwsearchpvf.xaml","135","3",""
"views/searchpvf/veiwsearchpvf.xaml","187","4",""
"views/searchpvf/veiwsearchpvf.xaml","248","6",""
"views/searchpvf/veiwsearchpvf.xaml","255","5",""
"views/searchpvf/veiwsearchpvf.xaml","279","7",""
"views/searchpvf/veiwsearchpvf.xaml","284","2",""
"views/searchpvf/veiwsearchpvf.xaml","286","1",""
"views/searchpvf/windowaddnewsearchresult.xaml","16","2",""
"views/searchpvf/windowaddnewsearchresult.xaml","21","3",""
"views/searchpvf/windowaddnewsearchresult.xaml","24","4",""
"views/searchpvf/windowaddnewsearchresult.xaml","28","1",""
"views/searchpvf/windowitemcodesearch.xaml","88","1",""
"views/store/preview/previewitemcodehoverview.xaml","6","1",""
"views/store/preview/previewtabcommentview.xaml","20","4",""
"views/store/preview/previewtabcommentview.xaml","68","3",""
"views/store/preview/previewtabcommentview.xaml","70","2",""
"views/store/preview/previewtabcommentview.xaml","74","1",""
"views/store/storedownloadoptions.xaml","10","2",""
"views/store/storedownloadoptions.xaml","13","3",""
"views/store/storedownloadoptions.xaml","18","4",""
"views/store/storedownloadoptions.xaml","22","1",""
"views/userviews/windowedituserinfo.xaml","42","1",""
"views/userviews/windowlogin.xaml","35","2",""
"views/userviews/windowlogin.xaml","69","3",""
"views/userviews/windowlogin.xaml","80","1",""
"views/viewextractfiles.xaml","21","3",""
"views/viewextractfiles.xaml","84","4",""
"views/viewextractfiles.xaml","108","5",""
"views/viewextractfiles.xaml","117","2",""
"views/viewextractfiles.xaml","119","1",""
"views/viewoutput.xaml","21","1",""
"views/windowabout.xaml","38","1",""
"views/windowabout.xaml","48","2",""
"views/windowabout.xaml","95","3",""
"views/windowloading.xaml","11","2",""
"views/windowloading.xaml","22","1",""
"views/windowpublicsetting.xaml","234","2",""
"views/windowpublicsetting.xaml","238","3",""
"views/windowpublicsetting.xaml","242","4",""
"views/windowpublicsetting.xaml","246","5",""
"views/windowpublicsetting.xaml","250","6",""
"views/windowpublicsetting.xaml","254","7",""
"views/windowpublicsetting.xaml","258","8",""
"views/windowpublicsetting.xaml","262","9",""
"views/windowpublicsetting.xaml","266","10",""
"views/windowpublicsetting.xaml","270","11",""
"views/windowpublicsetting.xaml","274","12",""
"views/windowpublicsetting.xaml","278","13",""
"views/windowpublicsetting.xaml","282","14",""
"views/windowpublicsetting.xaml","286","15",""
"views/windowpublicsetting.xaml","290","16",""
"views/windowpublicsetting.xaml","302","17",""
"views/windowpublicsetting.xaml","306","18",""
"views/windowpublicsetting.xaml","310","19",""
"views/windowpublicsetting.xaml","700","20",""
"views/windowpublicsetting.xaml","708","21",""
"views/windowpublicsetting.xaml","827","23",""
"views/windowpublicsetting.xaml","831","24",""
"views/windowpublicsetting.xaml","834","22",""
"views/windowpublicsetting.xaml","842","25",""
"views/windowpublicsetting.xaml","847","26",""
"views/windowpublicsetting.xaml","850","27",""
"views/windowpublicsetting.xaml","856","1",""
"views/windowpvffileheaderedit.xaml","16","1",""
"views/windowpvffileheaderedit.xaml","26","2",""
"views/windowpvffileheaderedit.xaml","31","3",""
"views/windowpvffileheaderedit.xaml","34","4",""
"views/windowselectdefaulttheme.xaml","10","1",""
"views/winerrorpanel.xaml","6","1",""
"views/winfindnpk.xaml","59","1",""
